Zip,LatLong,Population
10162,"40.769298, -73.949942","1,726"
10028,"40.776865, -73.954721","44,987"
10128,"40.781656, -73.950281","59,856"
10031,"40.825857, -73.949451","60,221"
10009,"40.726622, -73.978955","58,595"
10032,"40.839194, -73.942591","63,842"
11372,"40.751706, -73.883561","71,308"
10016,"40.744983, -73.978262","51,217"
10003,"40.731856, -73.989145","53,673"
10002,"40.715952, -73.985870","84,870"
10026,"40.802320, -73.952943","30,377"
10023,"40.775394, -73.982197","62,206"
10025,"40.797958, -73.964917","97,086"
10453,"40.852779, -73.912332","76,775"
10030,"40.818492, -73.943283","25,847"
10021,"40.769742, -73.961653","102,078"
11226,"40.646430, -73.956866","106,154"
10029,"40.792245, -73.945230","75,390"
10012,"40.725639, -73.998090","26,000"
10033,"40.849124, -73.935956","58,259"
10040,"40.858134, -73.929031","46,599"
11104,"40.744515, -73.920457","29,506"
10452,"40.837763, -73.923314","72,138"
10011,"40.741844, -74.000711","46,669"
10039,"40.826296, -73.937053","21,737"
10456,"40.830877, -73.907954","76,656"
10010,"40.739122, -73.982363","26,408"
10468,"40.868093, -73.899730","78,309"
10022,"40.758615, -73.967752","30,642"
10037,"40.813159, -73.937352","16,984"
10458,"40.862831, -73.886395","77,840"
11103,"40.762634, -73.913156","44,321"
11213,"40.671034, -73.936357","65,440"
11373,"40.737347, -73.878716","105,723"
10457,"40.846687, -73.898374","69,048"
10024,"40.786307, -73.970694","61,414"
10014,"40.733471, -74.007098","32,667"
11216,"40.680854, -73.949144","55,775"
11219,"40.632769, -73.996642","85,987"
10472,"40.829650, -73.869368","64,867"
11212,"40.662907, -73.912969","85,161"
11221,"40.691310, -73.927772","76,363"
10038,"40.709336, -74.002943","15,574"
10027,"40.811407, -73.953564","56,168"
11220,"40.641307, -74.016251","92,718"
11218,"40.643783, -73.975954","74,611"
10455,"40.814678, -73.908333","37,465"
11106,"40.762211, -73.931528","43,130"
10017,"40.752292, -73.972393","16,201"
10462,"40.842823, -73.858861","72,077"
11206,"40.702037, -73.942444","69,032"
11237,"40.704160, -73.921139","48,910"
11374,"40.726219, -73.861264","44,189"
10019,"40.766331, -73.985013","36,012"
11230,"40.622104, -73.965118","88,933"
10034,"40.869208, -73.921929","41,756"
11204,"40.618675, -73.984893","74,880"
10459,"40.825558, -73.893156","39,080"
11217,"40.682306, -73.978099","35,353"
11233,"40.678089, -73.919867","61,955"
10013,"40.720067, -74.004829","25,042"
11211,"40.713507, -73.952578","85,089"
11225,"40.662236, -73.958951","63,774"
11102,"40.772884, -73.926295","36,291"
10280,"40.708501, -74.016828","6,614"
11419,"40.688685, -73.822882","48,867"
11238,"40.678424, -73.963874","48,965"
11355,"40.750123, -73.820977","83,281"
10044,"40.762050, -73.949933","9,520"
10451,"40.822092, -73.922612","40,961"
11368,"40.749407, -73.852780","98,841"
11210,"40.628049, -73.946278","62,308"
11203,"40.649411, -73.934397","84,498"
10463,"40.880678, -73.906540","65,576"
11214,"40.598668, -73.996212","83,546"
11223,"40.597427, -73.973039","77,691"
11229,"40.601293, -73.944493","80,554"
10036,"40.759614, -73.991148","18,751"
11415,"40.708229, -73.827867","20,956"
11435,"40.701408, -73.809817","53,877"
11224,"40.577257, -73.989762","51,205"
11416,"40.684614, -73.849509","23,668"
11377,"40.744813, -73.905122","88,339"
10454,"40.805528, -73.916632","34,976"
10466,"40.891039, -73.847226","68,787"
10467,"40.877420, -73.872597","94,342"
11201,"40.693682, -73.989693","47,746"
10460,"40.842724, -73.879745","53,707"
11369,"40.763513, -73.871961","36,110"
11207,"40.670361, -73.893848","86,551"
11209,"40.622352, -74.030431","69,840"
11421,"40.693633, -73.858513","37,664"
11235,"40.583552, -73.947900","77,451"
11370,"40.765370, -73.893132","43,142"
11215,"40.662688, -73.986740","63,001"
11236,"40.639761, -73.900640","96,301"
11228,"40.616863, -74.013196","41,172"
10475,"40.875266, -73.826037","38,086"
11205,"40.696771, -73.967061","35,622"
11375,"40.722975, -73.843179","70,204"
11385,"40.700671, -73.889433","97,524"
10473,"40.817685, -73.858576","56,166"
10001,"40.750722, -73.997276","17,310"
11432,"40.715220, -73.793188","57,045"
11417,"40.676342, -73.844595","28,607"
11105,"40.778997, -73.906847","42,117"
11428,"40.721050, -73.742212","21,023"
11208,"40.669598, -73.871270","87,165"
11354,"40.768208, -73.827403","54,329"
10469,"40.867849, -73.845140","63,345"
10035,"40.795487, -73.929501","32,702"
11231,"40.677916, -74.005154","32,974"
11418,"40.700101, -73.835908","36,571"
10282,"40.717017, -74.015566","1,574"
10461,"40.847409, -73.841403","49,808"
11222,"40.728367, -73.945427","39,360"
11436,"40.675266, -73.796570","18,148"
11420,"40.673525, -73.817771","45,498"
10006,"40.707970, -74.013610","1,447"
11232,"40.655827, -74.006829","27,723"
11429,"40.709681, -73.738399","27,647"
11367,"40.730621, -73.822860","38,216"
10069,"40.775551, -73.989689","1,403"
11239,"40.644728, -73.879186","14,620"
11434,"40.676808, -73.776425","59,142"
11412,"40.696878, -73.760260","37,452"
11358,"40.760467, -73.796418","38,647"
11423,"40.717252, -73.768879","31,240"
10007,"40.713973, -74.008336","3,522"
10550,"40.905448, -73.835253","38,284"
10470,"40.900965, -73.863998","15,780"
11366,"40.727929, -73.793074","13,366"
11433,"40.698135, -73.787009","28,435"
11411,"40.694307, -73.735948","21,282"
11365,"40.738856, -73.792528","41,566"
10705,"40.919705, -73.889928","38,115"
11427,"40.729722, -73.749800","23,014"
11379,"40.715488, -73.879490","28,984"
11361,"40.764370, -73.771869","29,206"
11692,"40.593163, -73.793803","15,893"
10701,"40.945250, -73.881145","63,715"
10553,"40.908502, -73.821554","10,102"
11004,"40.745809, -73.711240","14,682"
10018,"40.754969, -73.992126","4,255"
10308,"40.551236, -74.150961","26,451"
11357,"40.786415, -73.810924","39,491"
11550,"40.702731, -73.623226","59,022"
10703,"40.957236, -73.881126","20,410"
10302,"40.630820, -74.137841","16,406"
11378,"40.724744, -73.909639","34,053"
11356,"40.784810, -73.841165","20,444"
11691,"40.600774, -73.757824","56,184"
11413,"40.669293, -73.750553","39,827"
10310,"40.632516, -74.116461","22,852"
11694,"40.576906, -73.846381","19,278"
14201,"42.896227, -78.886477","13,609"
11364,"40.745620, -73.757537","34,539"
11414,"40.658217, -73.844820","28,121"
11360,"40.782352, -73.780749","19,350"
11005,"40.756578, -73.714178","2,195"
11003,"40.699176, -73.706166","40,507"
10005,"40.705390, -74.008988",884
14222,"42.919236, -78.877343","14,365"
11426,"40.736619, -73.723610","18,727"
10552,"40.924460, -73.826115","19,948"
14213,"42.918183, -78.892479","26,080"
12210,"42.657569, -73.757660","9,492"
14208,"42.914225, -78.851150","13,207"
10465,"40.826285, -73.822762","42,500"
10805,"40.897721, -73.779258","17,957"
11561,"40.589061, -73.651049","39,582"
10304,"40.603589, -74.102477","38,972"
10704,"40.919729, -73.862651","29,158"
10801,"40.917570, -73.784858","36,322"
14619,"43.136082, -77.648985","14,754"
10301,"40.627456, -74.094407","38,805"
10606,"41.020949, -73.775986","15,733"
14621,"43.186402, -77.601255","35,977"
11563,"40.657306, -73.674147","23,231"
11010,"40.700778, -73.675686","24,778"
14215,"42.934353, -78.809741","44,484"
11501,"40.746062, -73.639285","19,111"
11580,"40.674900, -73.702154","37,759"
14607,"43.150826, -77.586219","16,297"
12307,"42.806322, -73.934477","6,843"
11001,"40.721416, -73.707982","25,511"
11101,"40.746970, -73.937530","25,595"
14613,"43.182283, -77.639548","15,078"
10305,"40.596691, -74.074866","38,450"
13203,"43.061009, -76.134973","15,435"
11234,"40.612540, -73.894255","86,898"
11575,"40.679763, -73.584023","15,975"
11520,"40.650851, -73.584575","44,026"
11362,"40.758401, -73.733420","17,502"
14216,"42.949615, -78.861119","23,587"
14217,"42.971854, -78.875512","24,692"
11040,"40.744765, -73.680072","39,157"
11553,"40.702638, -73.591283","23,452"
11565,"40.675062, -73.671934","9,140"
14211,"42.907697, -78.821679","29,590"
14212,"42.894746, -78.820451","15,364"
14605,"43.168307, -77.601608","14,418"
10471,"40.898117, -73.900227","23,413"
11756,"40.724567, -73.516333","43,952"
10601,"41.029566, -73.759207","8,991"
11363,"40.772591, -73.746472","6,917"
11021,"40.786114, -73.728183","19,623"
10708,"40.937467, -73.833144","22,411"
11510,"40.653614, -73.609056","32,346"
11570,"40.665341, -73.638921","27,827"
11518,"40.638346, -73.666295","11,202"
12206,"42.673376, -73.781497","16,291"
10474,"40.810203, -73.884437","11,354"
14608,"43.154821, -77.623507","12,362"
10707,"40.959962, -73.822722","9,447"
11581,"40.652229, -73.714706","20,094"
14220,"42.844910, -78.822083","26,550"
11726,"40.678789, -73.395729","17,737"
11516,"40.627479, -73.727879","7,068"
14209,"42.916573, -78.865781","8,547"
11710,"40.675775, -73.535668","34,463"
11507,"40.770879, -73.652364","7,755"
10306,"40.569755, -74.122141","55,698"
10307,"40.506815, -74.241709","11,669"
11762,"40.682635, -73.445756","24,471"
10312,"40.547291, -74.179264","58,867"
14214,"42.939793, -78.841077","21,860"
11596,"40.760589, -73.640783","10,572"
14223,"42.973496, -78.846382","24,094"
11757,"40.689587, -73.373856","46,458"
11590,"40.756284, -73.570247","42,507"
10314,"40.598825, -74.163336","84,821"
14611,"43.147187, -77.646472","19,774"
11598,"40.631555, -73.711280","13,226"
10573,"41.018087, -73.679179","36,300"
12308,"42.820980, -73.919670","13,346"
14620,"43.127295, -77.610027","28,094"
14609,"43.177093, -77.554873","43,665"
14204,"42.883587, -78.861199","10,040"
10709,"40.952626, -73.809927","9,093"
11554,"40.720115, -73.558861","37,458"
13210,"43.031420, -76.125816","27,352"
11801,"40.762304, -73.524452","39,449"
14207,"42.952131, -78.898018","22,986"
11572,"40.630521, -73.637745","31,241"
11552,"40.692979, -73.652416","23,309"
11096,"40.621346, -73.756990","7,975"
14301,"43.097462, -79.031824","14,257"
13205,"43.004501, -76.141720","20,592"
12209,"42.638363, -73.787960","9,772"
13208,"43.078289, -76.145325","21,440"
10303,"40.629885, -74.174130","23,530"
11701,"40.686412, -73.412398","26,379"
11783,"40.673140, -73.491849","22,162"
14202,"42.881855, -78.877198","4,136"
13202,"43.043592, -76.150628","5,434"
10803,"40.899532, -73.805883","12,124"
11703,"40.732670, -73.325925","16,336"
14210,"42.864041, -78.832957","16,681"
10566,"41.287672, -73.917786","22,441"
11704,"40.717504, -73.358203","40,114"
10710,"40.967157, -73.846339","25,202"
11514,"40.749920, -73.614017","5,214"
14616,"43.234256, -77.653267","27,119"
10538,"40.937865, -73.755930","16,780"
11422,"40.632030, -73.766051","30,449"
14604,"43.157078, -77.604677","1,683"
11717,"40.783955, -73.252256","51,485"
11795,"40.708202, -73.303076","27,127"
10927,"41.191052, -73.967562","10,117"
11709,"40.908648, -73.560926","7,135"
11023,"40.799784, -73.733445","8,501"
11803,"40.781700, -73.473035","27,767"
13207,"43.012868, -76.163401","14,890"
11579,"40.844004, -73.644012","5,141"
12202,"42.634583, -73.763986","10,021"
11784,"40.869063, -73.040402","26,411"
12305,"42.815918, -73.944331","5,922"
12208,"42.652519, -73.807897","21,307"
10543,"40.953743, -73.736180","19,427"
11729,"40.762698, -73.321445","28,280"
11693,"40.611082, -73.822757","11,157"
10522,"41.010310, -73.863746","10,622"
14206,"42.880078, -78.810472","22,988"
10993,"41.209896, -73.973842","4,263"
13204,"43.051756, -76.178000","20,826"
10968,"41.036334, -73.921633","2,424"
11758,"40.662298, -73.458413","54,933"
11566,"40.651637, -73.551927","35,606"
11789,"40.957123, -72.971270","7,660"
10977,"41.118920, -74.048158","49,211"
11722,"40.785083, -73.192931","34,491"
10530,"41.023712, -73.812810","12,453"
14226,"42.971014, -78.796455","29,382"
11577,"40.784638, -73.640578","12,176"
11558,"40.611322, -73.662331","8,553"
13501,"43.081159, -75.225020","36,076"
11714,"40.743967, -73.479983","23,012"
13206,"43.074194, -76.105762","16,562"
14614,"43.157055, -77.615197",926
10309,"40.530847, -74.221178","27,207"
11542,"40.869660, -73.628113","27,693"
10923,"41.203213, -74.002535","9,273"
11741,"40.794354, -73.069968","27,857"
11751,"40.733051, -73.212519","15,083"
10503,"41.025560, -73.874987",115
14445,"43.113720, -77.489532","8,179"
12801,"43.312294, -73.645255","14,374"
11548,"40.814616, -73.622003","2,514"
11798,"40.751870, -73.371077","15,199"
10605,"41.007018, -73.744338","17,414"
11950,"40.809045, -72.847221","14,583"
11731,"40.862927, -73.316829","31,250"
10952,"41.116210, -74.078881","31,947"
11755,"40.858961, -73.120478","11,402"
11706,"40.720471, -73.259399","60,460"
10960,"41.092282, -73.925728","14,687"
11718,"40.723177, -73.268488","3,061"
10603,"41.057813, -73.777196","16,389"
14610,"43.143492, -77.545899","14,534"
11720,"40.869907, -73.081937","28,105"
11509,"40.587962, -73.729710","2,861"
14043,"42.900438, -78.701764","26,537"
14802,"42.254333, -77.789646","3,954"
13219,"43.041266, -76.224195","15,700"
11530,"40.728551, -73.631351","26,482"
11767,"40.847754, -73.145703","13,841"
10528,"40.974752, -73.725777","12,312"
10804,"40.946841, -73.788051","14,131"
11738,"40.837386, -73.037968","16,811"
10532,"41.100192, -73.798695","5,582"
10502,"41.014059, -73.839744","4,935"
11793,"40.650294, -73.514561","32,753"
10954,"41.099029, -74.012296","23,189"
10583,"40.988682, -73.789204","39,091"
11557,"40.635065, -73.691343","7,966"
11776,"40.913812, -73.046148","22,440"
11772,"40.771471, -72.995182","41,913"
14606,"43.170996, -77.697914","29,187"
11725,"40.840996, -73.280948","29,412"
14150,"42.997524, -78.878511","44,535"
12183,"42.746893, -73.693861","2,278"
11735,"40.734243, -73.428600","32,159"
12203,"42.678763, -73.845869","32,866"
11796,"40.729245, -73.099841","3,835"
11050,"40.839895, -73.693128","28,545"
11753,"40.788668, -73.541676","11,648"
14225,"42.928824, -78.752459","35,893"
11779,"40.812431, -73.116108","39,321"
14617,"43.224205, -77.594485","22,967"
11804,"40.766708, -73.451812","5,014"
10965,"41.061482, -74.015910","14,522"
11790,"40.903592, -73.131054","18,374"
12304,"42.771569, -73.895695","20,969"
13088,"43.108742, -76.186383","22,139"
14227,"42.886935, -78.730383","24,573"
11732,"40.852904, -73.537599","3,804"
11754,"40.886865, -73.245725","18,847"
11715,"40.749738, -73.034888","4,407"
11752,"40.755849, -73.173780","9,881"
13224,"43.031797, -76.100655","9,052"
10983,"41.031088, -73.947703","5,756"
11746,"40.814268, -73.362276","62,828"
11727,"40.880224, -73.002112","25,603"
14615,"43.204250, -77.657326","16,158"
11951,"40.767062, -72.838578","12,794"
14904,"42.069428, -76.805553","16,862"
10607,"41.039089, -73.811368","7,493"
11030,"40.793409, -73.688549","17,148"
14068,"43.026309, -78.758472","10,027"
13214,"43.040542, -76.076911","8,764"
11721,"40.892021, -73.370810","6,218"
13116,"43.074754, -76.007939","3,351"
11576,"40.803242, -73.637480","11,810"
14218,"42.817887, -78.824667","20,203"
11740,"40.865796, -73.363314","9,647"
10706,"40.990222, -73.865543","9,187"
14305,"43.122642, -79.023024","20,319"
14622,"43.215549, -77.556449","12,027"
10562,"41.192300, -73.833984","31,035"
11742,"40.809944, -73.040545","12,119"
13417,"43.101278, -75.293446","3,180"
12189,"42.733036, -73.718976","16,783"
14303,"43.084094, -79.031636","7,128"
10591,"41.090097, -73.841014","21,590"
12207,"42.658332, -73.746412","2,187"
11787,"40.852924, -73.211260","34,794"
14905,"42.087725, -76.843282","9,407"
11705,"40.743277, -73.055841","8,007"
14221,"42.984522, -78.722871","51,448"
11024,"40.816373, -73.743736","7,564"
14618,"43.112890, -77.557574","22,387"
11769,"40.736277, -73.129837","9,729"
12601,"41.708174, -73.910203","43,130"
10996,"41.393700, -73.972175","7,126"
10004,"40.691870, -74.014109","1,225"
11020,"40.770007, -73.712974","4,043"
11791,"40.829724, -73.498525","24,445"
11777,"40.949875, -73.061723","9,025"
13212,"43.127007, -76.129705","20,878"
12047,"42.782255, -73.727721","18,167"
10604,"41.052798, -73.736957","10,430"
10956,"41.156331, -73.994110","31,071"
13090,"43.152537, -76.217092","30,934"
11697,"40.555681, -73.920688","4,226"
14626,"43.216516, -77.710843","29,120"
14224,"42.837826, -78.747935","40,509"
10523,"41.061817, -73.819281","7,489"
11559,"40.605480, -73.716208","8,103"
10580,"40.978942, -73.693320","16,737"
10594,"41.110366, -73.767887","5,460"
14219,"42.789589, -78.825966","13,050"
10533,"41.039478, -73.850709","7,464"
14612,"43.266330, -77.676706","35,665"
10989,"41.122955, -73.938031","9,381"
12205,"42.714984, -73.824289","26,337"
11730,"40.720680, -73.172384","16,050"
11967,"40.805671, -72.879071","24,943"
11788,"40.817677, -73.210123","16,836"
11797,"40.820348, -73.472077","9,005"
10570,"41.127957, -73.790628","12,366"
11763,"40.823551, -72.980284","24,743"
10984,"41.202903, -74.022265","2,298"
12130,"42.442570, -73.658564",899
11713,"40.773594, -72.945434","9,160"
12303,"42.753534, -73.926481","27,942"
10976,"41.021423, -73.922172","1,795"
12466,"41.905034, -73.985610","3,101"
14514,"43.122159, -77.810679","4,722"
12543,"41.485123, -74.220417","3,133"
11733,"40.934181, -73.105889","20,382"
12204,"42.691525, -73.733797","6,792"
12309,"42.790136, -73.862338","30,057"
10048,"40.711665, -74.012417",55
12211,"42.705608, -73.766085","10,684"
10511,"41.261063, -73.948349","2,189"
11743,"40.878517, -73.426767","41,566"
11766,"40.935097, -73.015864","9,365"
11547,"40.830929, -73.643958",666
13495,"43.114019, -75.271854","2,271"
12550,"41.539574, -74.057223","52,084"
10920,"41.153040, -73.938131","8,937"
11782,"40.753968, -73.099453","15,897"
11934,"40.798359, -72.794297","6,539"
13603,"44.035347, -75.804288","7,498"
11778,"40.939095, -72.928456","11,514"
11768,"40.910132, -73.324377","21,676"
12110,"42.750910, -73.775205","20,463"
14623,"43.087333, -77.641867","27,387"
10548,"41.247875, -73.941802","4,076"
14625,"43.150039, -77.505521","10,792"
10464,"40.867099, -73.797609","4,634"
10165,"40.752131, -73.978722",7
10547,"41.308707, -73.855615","8,544"
11702,"40.618005, -73.407877","14,975"
14304,"43.100698, -78.948314","30,960"
10595,"41.087709, -73.785778","7,482"
13211,"43.104491, -76.116553","6,425"
14120,"43.079317, -78.842654","43,144"
14624,"43.128271, -77.731354","38,231"
11780,"40.890431, -73.171453","14,920"
12508,"41.495996, -73.953632","19,487"
10925,"41.222743, -74.292681","4,986"
14450,"43.088447, -77.415761","40,748"
10994,"41.098072, -73.972649","6,493"
11747,"40.788528, -73.407298","16,152"
11953,"40.893285, -72.951799","12,364"
14051,"43.039886, -78.704186","17,991"
10913,"41.068258, -73.954975","5,076"
12603,"41.675868, -73.864484","41,667"
11716,"40.776697, -73.134857","10,360"
12182,"42.801006, -73.637646","14,104"
12803,"43.285467, -73.636150","7,394"
11764,"40.934197, -72.975160","11,120"
12084,"42.704563, -73.899429","4,214"
14228,"43.044371, -78.777335","19,713"
12045,"42.478837, -73.797553",746
10598,"41.286807, -73.798823","29,368"
14526,"43.151464, -77.444396","19,789"
11786,"40.944455, -72.886049","5,883"
12065,"42.854836, -73.787492","38,866"
13905,"42.173847, -75.936413","27,506"
13615,"44.007217, -75.979240","1,027"
12144,"42.627836, -73.717842","18,367"
14075,"42.713252, -78.833315","42,082"
10950,"41.317294, -74.197530","38,791"
10588,"41.316837, -73.829264","2,006"
14580,"43.217283, -77.444534","43,824"
10541,"41.377000, -73.753830","26,693"
14504,"42.967777, -77.233608","1,312"
11955,"40.809125, -72.816096","2,652"
14534,"43.056890, -77.521042","30,270"
13209,"43.087539, -76.255166","13,774"
10537,"41.355369, -73.879979","2,032"
11724,"40.856500, -73.452894","3,040"
14467,"43.043504, -77.618013","8,738"
12590,"41.592556, -73.886853","33,523"
13039,"43.161395, -76.075729","14,562"
12471,"41.848432, -74.036220",174
10589,"41.328630, -73.697168","7,363"
12054,"42.608547, -73.864416","16,421"
10514,"41.172330, -73.768948","12,004"
10510,"41.138997, -73.834891","9,963"
13760,"42.133387, -76.084713","43,954"
11970,"40.940660, -72.573108",319
11042,"40.758295, -73.697102",513
13461,"43.077098, -75.587609","3,179"
10520,"41.217976, -73.874882","12,590"
14085,"42.716594, -78.930821","5,565"
11771,"40.865967, -73.525877","9,550"
12180,"42.748588, -73.599536","52,907"
14134,"42.534609, -78.521861",16
10535,"41.335169, -73.793919",416
12411,"41.878105, -74.038886",382
12449,"41.997728, -73.992872","3,557"
11560,"40.880757, -73.588724","6,815"
11946,"40.881714, -72.536582","12,802"
11944,"41.106515, -72.369487","3,705"
10507,"41.232590, -73.692641","7,646"
10962,"41.050504, -73.960154","5,580"
11972,"40.818205, -72.701844",692
11545,"40.824966, -73.581551","12,073"
13492,"43.114604, -75.337680","11,555"
12553,"41.460880, -74.072198","22,514"
13901,"42.185729, -75.879685","20,106"
13413,"43.061560, -75.276199","15,871"
14026,"42.942011, -78.689442",722
10549,"41.203948, -73.718025","15,327"
12524,"41.532263, -73.889150","14,045"
14086,"42.905511, -78.629121","28,516"
14441,"42.685829, -76.957555",344
12456,"42.032997, -73.998278",653
11792,"40.946438, -72.835507","7,156"
10567,"41.289545, -73.897030","17,805"
13066,"43.032475, -76.000667","12,299"
11940,"40.809637, -72.759740","4,347"
12188,"42.819962, -73.694056","10,610"
10970,"41.197670, -74.074130","9,222"
10901,"41.161496, -74.139021","21,760"
10501,"41.288104, -73.759211",843
12150,"42.880521, -74.052686",836
12520,"41.428017, -73.996195","2,918"
10992,"41.421990, -74.163800","9,367"
13319,"43.025796, -75.278313","1,018"
14127,"42.753763, -78.745385","27,762"
13031,"43.041401, -76.307912","14,977"
14048,"42.479105, -79.312833","16,097"
13834,"42.543366, -74.958799",170
10940,"41.446544, -74.478741","42,860"
12482,"42.271396, -73.960047",452
12518,"41.401437, -74.037497","6,276"
12565,"42.248157, -73.645187","1,936"
11961,"40.893355, -72.877865","12,664"
14072,"43.017901, -78.962657","18,621"
11960,"40.806462, -72.702460",822
13502,"43.141264, -75.154707","33,505"
13790,"42.165361, -76.001942","19,713"
13057,"43.087662, -76.035448","14,845"
12302,"42.878182, -73.982505","27,001"
12077,"42.588163, -73.777695","5,719"
14586,"43.041661, -77.689956","6,197"
13062,"42.486498, -76.380690",131
12159,"42.651428, -73.885894","7,646"
14047,"42.687361, -78.986623","6,833"
12401,"41.938565, -74.056809","35,722"
14092,"43.174537, -78.992002","11,121"
10964,"41.017211, -73.913870","1,282"
12306,"42.805431, -74.044234","24,581"
12866,"43.092690, -73.735445","34,570"
13664,"44.584961, -75.648193",340
11719,"40.780748, -72.909617","2,965"
11947,"40.947855, -72.575934",218
14901,"42.087649, -76.746938","17,845"
11941,"40.828756, -72.718536","2,275"
11942,"40.850055, -72.587962","3,981"
10546,"41.203621, -73.796171","1,224"
12486,"41.834702, -74.062603","1,595"
12008,"42.848917, -73.912735",431
13850,"42.049395, -76.017594","26,685"
10974,"41.154310, -74.200465","3,183"
12538,"41.792345, -73.893141","12,653"
14721,"42.000558, -78.251649",102
12198,"42.672453, -73.632704","7,295"
11568,"40.786513, -73.598478","3,992"
14031,"42.983128, -78.614262","8,769"
10577,"41.041731, -73.709727","3,454"
11971,"41.059912, -72.427282","5,575"
10930,"41.361676, -74.113297","7,400"
13041,"43.192089, -76.192302","9,818"
14850,"42.431831, -76.500228","63,396"
13903,"42.041886, -75.889073","19,282"
10509,"41.422360, -73.580154","18,913"
14701,"42.081025, -79.253512","42,904"
10526,"41.294835, -73.662114","1,652"
10590,"41.255441, -73.539322","7,212"
11952,"41.001012, -72.543737","4,680"
10928,"41.348970, -73.998495","5,358"
10917,"41.322562, -74.120871","1,650"
12019,"42.945577, -73.834562","13,320"
12586,"41.565744, -74.179081","11,527"
14102,"42.835266, -78.563136","1,111"
14480,"42.839522, -77.708389",641
12804,"43.340954, -73.685911","24,083"
11968,"40.905917, -72.415656","12,032"
12533,"41.561643, -73.787605","22,254"
13027,"43.173534, -76.365491","29,108"
12061,"42.594948, -73.659578","7,872"
11901,"40.924693, -72.648656","22,897"
12472,"41.849570, -74.076786","1,654"
14425,"42.990428, -77.332531","9,658"
10536,"41.296920, -73.729864","10,612"
12513,"42.219307, -73.720481","1,043"
12901,"44.704021, -73.471148","32,253"
12979,"44.987143, -73.375296","2,450"
10504,"41.134968, -73.698635","7,185"
10980,"41.258097, -74.030157","12,670"
10921,"41.328266, -74.372269","3,879"
11963,"40.989760, -72.315663","6,664"
12771,"41.375285, -74.631515","13,847"
13215,"42.980793, -76.223386","14,461"
14094,"43.157693, -78.702073","51,376"
10527,"41.321183, -73.769878","1,097"
11977,"40.844797, -72.694993","2,143"
12027,"42.935415, -73.907816","3,659"
10512,"41.447747, -73.709884","23,924"
11569,"40.608435, -73.590373","1,559"
13341,"43.036698, -75.397188",54
14555,"43.257062, -76.991465","1,287"
14006,"42.633073, -79.021726","10,884"
10941,"41.491652, -74.344240","13,118"
14506,"43.002205, -77.505265","1,289"
13904,"42.128281, -75.801040","9,619"
12563,"41.503887, -73.572979","7,252"
13638,"44.019032, -75.759378",363
14750,"42.076991, -79.327748","4,623"
14559,"43.189993, -77.819055","15,919"
13838,"42.285099, -75.388127","4,956"
10931,"41.127584, -74.170333",881
12839,"43.354486, -73.553953","11,945"
13440,"43.217344, -75.459735","44,797"
12051,"42.344518, -73.828765","6,905"
14083,"42.677412, -78.440118",43
13616,"44.032051, -75.870748","2,341"
11770,"40.644757, -73.160803",190
13126,"43.438798, -76.457454","36,454"
11949,"40.860476, -72.793791","11,385"
12020,"43.001948, -73.868841","28,068"
12542,"41.613876, -74.015014","5,818"
12570,"41.613737, -73.670422","5,884"
11980,"40.831652, -72.923760","4,221"
14903,"42.131632, -76.871851","7,600"
13357,"42.970962, -75.081183","11,555"
11939,"41.135116, -72.339675",777
13021,"42.922181, -76.561464","41,704"
12118,"42.923768, -73.718177","11,767"
10918,"41.344192, -74.262177","11,492"
14020,"43.001476, -78.214875","23,055"
14059,"42.835012, -78.642549","8,937"
10963,"41.472208, -74.542990","4,660"
13421,"43.061915, -75.660092","13,192"
10578,"41.320276, -73.678991",661
10519,"41.342055, -73.661095",156
11948,"40.963769, -72.553554",903
14420,"43.213653, -77.937505","19,307"
10924,"41.381005, -74.352471","12,308"
13748,"42.042579, -75.822521","4,067"
11935,"41.021223, -72.486958","3,444"
13313,"42.878248, -75.267671",620
13029,"43.221243, -76.144434","5,684"
13350,"43.061013, -74.986356","9,878"
10506,"41.190889, -73.638479","5,537"
14760,"42.063776, -78.404837","20,510"
11765,"40.881909, -73.553311",732
11956,"40.976187, -72.466401",316
12733,"41.727393, -74.606582","1,608"
10518,"41.277016, -73.602519","1,552"
14468,"43.290542, -77.808702","16,526"
10990,"41.269726, -74.366389","19,315"
12821,"43.453350, -73.408531","3,219"
12547,"41.660687, -73.986567","2,350"
11937,"41.008427, -72.194482","13,289"
12477,"42.091943, -73.990006","20,199"
13104,"42.963030, -75.948439","14,414"
12419,"41.852184, -74.107250",315
13859,"42.372486, -75.245254",213
12086,"43.009005, -74.086332","1,554"
12577,"41.424982, -74.109743","1,614"
14513,"43.063469, -77.100046","14,858"
14716,"42.376294, -79.436818","3,641"
12196,"42.631786, -73.613946","2,841"
13323,"43.040114, -75.379336","11,772"
12561,"41.750978, -74.110614","17,435"
12528,"41.713907, -73.995071","12,770"
10986,"41.272382, -73.985586","1,739"
13601,"43.976818, -75.914247","36,990"
14203,"42.848139, -78.847987","1,009"
11959,"40.827003, -72.602522","1,015"
12515,"41.679444, -74.064879","1,068"
14063,"42.408411, -79.331104","14,690"
14052,"42.772537, -78.584397","18,248"
12582,"41.550169, -73.726637","4,550"
14519,"43.233972, -77.314631","11,020"
13732,"42.049447, -76.167535","8,380"
12569,"41.734557, -73.792840","8,842"
14456,"42.846127, -77.006235","20,216"
13403,"43.164533, -75.267645","7,919"
12151,"42.922697, -73.787225",706
14464,"43.326618, -77.929685","7,637"
12033,"42.543138, -73.705499","8,188"
12721,"41.568348, -74.427346","5,513"
14502,"43.109233, -77.344072","9,197"
11978,"40.829341, -72.629768","3,800"
14568,"43.159881, -77.281348","5,874"
12015,"42.292243, -73.821532","2,832"
14814,"42.141860, -76.950494","1,747"
12571,"42.007516, -73.823254","11,834"
13045,"42.587244, -76.188554","29,174"
12759,"41.786385, -74.660591","1,683"
14845,"42.203190, -76.839324","19,892"
12143,"42.489818, -73.855238","5,348"
12589,"41.626536, -74.145217","13,261"
10973,"41.380516, -74.480462","1,887"
14004,"42.898738, -78.517223","12,241"
12489,"41.755712, -74.349070",290
12063,"42.553220, -73.632347",192
12594,"41.646342, -73.562593","3,618"
14564,"42.981266, -77.431077","9,903"
12548,"41.657693, -74.101817","1,528"
12439,"42.295070, -74.213326",107
14174,"43.249139, -78.998325","5,742"
10597,"41.292024, -73.606222",445
13602,"44.061817, -75.741909","4,651"
12443,"41.934991, -74.084925","3,859"
14032,"43.046776, -78.631524","5,553"
10560,"41.340527, -73.597609","4,941"
12779,"41.696285, -74.628008","1,544"
13424,"43.158842, -75.357088","2,744"
14034,"42.495620, -78.860854","6,105"
14830,"42.129568, -77.029569","19,342"
12010,"42.935694, -74.172293","28,544"
14132,"43.152672, -78.867925","5,572"
10985,"41.583519, -74.373188",57
12754,"41.802957, -74.745419","7,130"
13069,"43.329278, -76.380658","26,451"
12831,"43.190815, -73.691874","14,204"
10579,"41.397661, -73.839130","7,945"
12498,"42.046044, -74.109455","5,417"
14136,"42.521331, -79.175253","5,429"
14808,"42.563230, -77.467272",595
12095,"43.034887, -74.423556","12,911"
14108,"43.264549, -78.733324","5,938"
11954,"41.047283, -71.949541","3,851"
13037,"43.058819, -75.867355","8,772"
12549,"41.520026, -74.257424","8,670"
13078,"42.958484, -76.061077","8,625"
10524,"41.375242, -73.926122","4,232"
12463,"42.185728, -74.028971","1,360"
10171,"40.755899, -73.973858",1
13469,"43.214828, -75.302367",807
13120,"42.933170, -76.175146","2,998"
10576,"41.221577, -73.572332","4,530"
12534,"42.224111, -73.756154","18,686"
12531,"41.520881, -73.659921","3,051"
12481,"41.976090, -74.207238","1,269"
14892,"42.046025, -76.529114","8,258"
12841,"43.639940, -73.507678",87
14894,"42.019488, -76.750371","2,531"
12148,"42.827793, -73.848164","2,929"
13108,"42.964845, -76.331113","6,057"
12540,"41.669552, -73.714516","6,633"
14874,"42.531888, -77.178619",216
13082,"43.102730, -75.959888","5,012"
13135,"43.248350, -76.332359","5,750"
12158,"42.542092, -73.822124","5,779"
12186,"42.640203, -73.982848","6,461"
12078,"43.134351, -74.339632","23,853"
11965,"41.076855, -72.341896","1,080"
13820,"42.483429, -75.036905","21,058"
14454,"42.797774, -77.774638","10,207"
11933,"40.917015, -72.754074","5,857"
13060,"43.024403, -76.423425","2,852"
13795,"42.056638, -75.778938","3,770"
12491,"41.965186, -74.141441","1,610"
13030,"43.148972, -76.033624","4,272"
14522,"43.061864, -77.224684","8,766"
14424,"42.856695, -77.303277","24,878"
10916,"41.442343, -74.250577","4,070"
12184,"42.420039, -73.653177","7,273"
12580,"41.863651, -73.871535","3,869"
12487,"41.877496, -73.999323","3,856"
13662,"44.933501, -74.878245","16,729"
12751,"41.682808, -74.656247",387
13036,"43.309256, -76.166775","8,462"
12701,"41.652125, -74.698825","11,522"
12974,"44.043787, -73.472821","1,540"
13132,"43.271927, -76.251046","4,310"
12828,"43.254993, -73.558355","8,358"
11958,"41.039067, -72.464419",445
12566,"41.622479, -74.340383","11,061"
12572,"41.924885, -73.863664","9,960"
14589,"43.249424, -77.174261","7,653"
10919,"41.526746, -74.378036",562
12140,"42.696684, -73.540064","1,303"
14487,"42.810905, -77.636990","5,786"
14481,"42.770069, -77.921401","3,676"
12792,"41.525311, -74.938845",295
12413,"42.313984, -74.022160","2,673"
14057,"42.640511, -78.879414","8,276"
14170,"42.700245, -78.674307","2,633"
12173,"42.371855, -73.754161","2,357"
10926,"41.276440, -74.116509","3,275"
14472,"42.973554, -77.576983","8,140"
12170,"43.001956, -73.667271","5,037"
13669,"44.654951, -75.485053","17,892"
10516,"41.462100, -73.875003","5,190"
11964,"41.055701, -72.316976","1,148"
14432,"42.956106, -77.140338","6,106"
12789,"41.694323, -74.574261","1,677"
14414,"42.890961, -77.743757","6,428"
12583,"42.059591, -73.883626","2,427"
13456,"43.000897, -75.260892","4,277"
12956,"44.097612, -73.481333","2,036"
13148,"42.920125, -76.779988","10,913"
13607,"44.338200, -75.887805","2,017"
12585,"41.726404, -73.691510",956
12414,"42.235013, -73.924019","11,641"
13165,"42.916639, -76.883297","10,828"
11932,"40.939791, -72.308369","1,429"
11975,"40.941107, -72.244466",398
14028,"43.318386, -78.719214","1,737"
14548,"42.976397, -77.240263","4,149"
11976,"40.929237, -72.347410","1,822"
12470,"42.293989, -74.037917",729
13032,"43.081629, -75.766050","12,427"
12018,"42.628833, -73.520770","7,513"
12564,"41.577105, -73.589238","6,644"
10998,"41.324048, -74.541192","3,648"
12106,"42.386683, -73.711898","2,297"
12903,"44.684070, -73.445756",44
12123,"42.522140, -73.606447","5,245"
12009,"42.700772, -74.031194","7,628"
13346,"42.817210, -75.538579","5,735"
14475,"42.937819, -77.498297",223
11930,"40.988145, -72.104673","1,167"
14872,"42.228710, -76.872294",480
14470,"43.205212, -78.057685","8,953"
14870,"42.182406, -77.124783","9,347"
14428,"43.077283, -77.872558","7,539"
14069,"42.600308, -78.638387",785
12428,"41.734369, -74.457205","8,367"
14001,"43.036593, -78.510856","9,289"
14733,"42.160122, -79.172199","4,019"
12849,"43.441613, -73.300072",445
13490,"43.109467, -75.424150","1,710"
12451,"42.309379, -73.958879","1,496"
14546,"43.032675, -77.780006","5,479"
13076,"43.353717, -76.149319","2,344"
13080,"43.080922, -76.465078","3,553"
14103,"43.211161, -78.376770","11,612"
13166,"43.068039, -76.544080","6,107"
14482,"42.973460, -77.960890","9,198"
14585,"42.889753, -77.546889",273
13655,"44.982056, -74.650084","2,558"
14843,"42.320079, -77.646339","13,383"
14505,"43.159419, -77.168961","5,908"
14787,"42.311648, -79.571405","5,487"
13476,"43.087503, -75.509514","3,219"
12788,"41.787539, -74.589314","2,935"
14172,"43.286046, -78.818100","3,230"
14551,"43.218114, -77.049402","5,596"
12578,"41.808483, -73.781304","2,105"
13827,"42.109832, -76.249951","11,823"
12575,"41.486109, -74.158896","2,089"
13815,"42.547416, -75.533555","14,019"
13340,"43.061642, -75.128570","7,937"
12025,"43.083346, -74.138092","5,683"
12871,"43.088569, -73.612965","4,033"
12747,"41.750928, -74.692894","1,939"
12962,"44.710163, -73.594763","5,967"
14712,"42.183745, -79.361923","3,533"
13612,"43.985237, -75.769370","2,711"
14485,"42.882635, -77.601026","4,593"
12507,"42.008365, -73.918926",108
10958,"41.379281, -74.423711","2,967"
13152,"42.905238, -76.381554","8,453"
12192,"42.417040, -73.817206","2,270"
12863,"43.063469, -73.935709",596
12043,"42.693970, -74.530506","8,207"
13053,"42.479574, -76.267919","4,413"
14131,"43.235271, -78.899008","5,307"
14025,"42.621454, -78.726069","3,141"
14411,"43.235972, -78.216477","14,676"
14530,"42.741094, -78.014636","5,780"
13164,"43.092042, -76.313051","1,759"
14543,"42.990648, -77.679529","3,296"
13833,"42.198205, -75.768632","4,463"
12775,"41.623302, -74.592546","1,666"
12749,"41.689959, -74.826713",251
12041,"42.539990, -73.973842",14
12778,"41.642678, -74.817550",735
12484,"41.861839, -74.176528","2,540"
14865,"42.356119, -76.826721","2,699"
12433,"42.000525, -74.156458",404
14882,"42.580117, -76.553258","3,943"
13685,"43.925467, -76.085519","2,206"
12522,"41.720153, -73.581931","5,691"
13637,"44.106202, -75.818322","3,849"
13145,"43.651660, -76.123014","1,874"
14011,"42.830674, -78.299709","8,170"
12405,"42.322121, -74.071832",454
14816,"42.188762, -76.737056",624
12070,"42.981313, -74.265712","1,276"
12833,"43.140518, -73.857206","4,492"
12460,"42.409805, -74.162475",376
13308,"43.251374, -75.660412","4,867"
12068,"42.956072, -74.401834","3,999"
13074,"43.319627, -76.550317","4,340"
12056,"42.764876, -74.100328","2,219"
12791,"41.809139, -74.913540",448
14033,"42.660306, -78.684252","2,062"
13363,"43.337328, -75.512822","2,397"
12526,"42.122234, -73.858769","3,638"
13304,"43.231963, -75.170870","1,655"
14769,"42.367931, -79.472317","1,024"
13073,"42.583670, -76.387923","6,000"
14070,"42.419658, -78.917725","5,735"
14489,"43.088381, -76.994347","7,669"
12752,"41.676704, -74.991679",145
13428,"42.915071, -74.546238","1,698"
14532,"42.964101, -77.032088","4,392"
12859,"43.167174, -73.896576","1,984"
12748,"41.770795, -74.928957","1,929"
14125,"43.084919, -78.274609","3,839"
12090,"42.876802, -73.351525","6,189"
14478,"42.572191, -77.128404","1,364"
12037,"42.338761, -73.565767","4,017"
14416,"43.083960, -77.992253","3,875"
13408,"42.919020, -75.664315","3,908"
14744,"42.424066, -78.217658","2,282"
13068,"42.500037, -76.365082","5,038"
13619,"43.978952, -75.600977","11,112"
13077,"42.711074, -76.206959","6,823"
13676,"44.654960, -74.926222","17,029"
13084,"42.880541, -76.124474","4,215"
14141,"42.518547, -78.700622","7,858"
13114,"43.463656, -76.241569","6,462"
12440,"41.803951, -74.140091","2,010"
11957,"41.153376, -72.263818",662
10170,"40.752625, -73.975877",1
14864,"42.285203, -76.845703","1,427"
12514,"41.877418, -73.764441","2,854"
13777,"42.251796, -75.994246","1,049"
14042,"42.462371, -78.473211","4,553"
14105,"43.180186, -78.486578","4,483"
13668,"44.755152, -74.998740","3,173"
14067,"43.212160, -78.556274","5,128"
10969,"41.294796, -74.487978","1,084"
12525,"41.689432, -74.208280","2,868"
14437,"42.569208, -77.733176","12,296"
13035,"42.931819, -75.824233","8,065"
12420,"41.671045, -74.383413",369
14423,"42.937814, -77.835109","4,953"
14770,"42.025254, -78.293380","3,269"
14810,"42.348980, -77.344542","12,536"
13478,"43.144012, -75.581897","3,219"
12125,"42.475027, -73.412709","1,493"
12404,"41.818967, -74.236062","3,772"
13407,"42.965377, -74.944407","5,724"
13167,"43.330099, -76.066134","3,449"
12157,"42.669798, -74.286077","3,987"
12845,"43.424813, -73.718378","4,801"
13744,"42.243494, -75.907999","1,202"
13160,"42.827598, -76.648904","1,856"
14036,"42.973851, -78.389527","5,243"
14545,"42.662130, -77.699536",203
12838,"43.328764, -73.401454",649
14466,"42.779916, -77.583278","1,593"
14476,"43.329379, -78.042800","2,623"
12134,"43.235596, -74.140135","2,623"
14471,"42.747504, -77.499442","2,861"
12844,"43.489063, -73.621362",269
13110,"42.889042, -76.276926","2,472"
14706,"42.106183, -78.528294","7,596"
13746,"42.237222, -75.862775","2,203"
12785,"41.521037, -74.589126",186
12035,"42.733746, -74.371881","1,287"
14081,"42.563205, -79.067832","3,418"
13624,"44.209480, -76.093055","5,810"
14527,"42.666969, -77.068146","12,970"
12185,"42.922756, -73.545061","2,096"
14469,"42.873417, -77.462990","5,982"
12121,"42.851135, -73.612683","1,806"
10975,"41.267079, -74.172263",307
13112,"43.095233, -76.407971","1,922"
13142,"43.556406, -76.129199","6,595"
12972,"44.555281, -73.539491","5,615"
14779,"42.137151, -78.741310","7,352"
13365,"43.070063, -74.850276","8,926"
14895,"42.081440, -77.940922","10,311"
13406,"43.141034, -74.935218",710
13140,"43.060381, -76.650274","4,915"
14886,"42.505751, -76.684980","6,441"
12431,"42.362023, -74.023533","1,463"
13034,"42.961986, -76.711189","1,933"
14516,"43.197860, -76.911334","2,672"
14111,"42.584773, -78.895160","3,160"
13317,"42.862103, -74.589232","3,809"
12822,"43.228513, -73.922216","5,721"
14139,"42.711704, -78.528617","2,031"
14871,"42.039625, -76.911418","4,908"
12516,"42.108103, -73.551361","1,806"
14080,"42.634961, -78.561244","4,727"
14517,"42.593398, -77.892894","2,801"
14569,"42.750485, -78.169399","6,481"
14891,"42.377014, -76.946182","4,409"
12729,"41.489701, -74.613104","1,302"
13054,"43.169352, -75.666823","2,162"
12067,"42.557461, -73.920294","1,854"
14590,"43.245357, -76.832127","5,385"
12493,"41.785589, -73.974095",547
12592,"41.783329, -73.556777","1,214"
12545,"41.779068, -73.677258","4,850"
13802,"42.242134, -76.041266",743
12075,"42.299922, -73.633627","3,106"
14867,"42.343150, -76.618094","5,430"
14521,"42.688238, -76.804245","3,624"
13634,"44.026880, -76.083381","3,825"
14039,"42.831525, -78.177221",117
13044,"43.304757, -75.993273","2,776"
12742,"41.724328, -74.723518",132
13425,"42.970137, -75.490673","1,970"
14757,"42.246047, -79.504370","3,875"
12953,"44.764710, -74.279566","16,270"
12832,"43.358861, -73.318017","7,199"
13042,"43.260450, -75.852580","2,479"
11962,"40.938156, -72.269650",405
13617,"44.580531, -75.142767","10,942"
12921,"44.888344, -73.432591","2,392"
13322,"42.977305, -75.198364","1,104"
12523,"42.069887, -73.753418","1,976"
12083,"42.424856, -74.026466","3,154"
13862,"42.330958, -75.931008","3,936"
12094,"42.899423, -73.489795","2,163"
12746,"41.442314, -74.665141","1,144"
13143,"43.235788, -76.714793","3,416"
12919,"44.959984, -73.454730","2,957"
14143,"42.968891, -78.076941","1,347"
14533,"42.853887, -77.902665","2,320"
13861,"42.508540, -75.151092",652
13328,"42.981397, -75.426471","1,266"
13131,"43.423243, -76.091802","4,029"
13812,"42.034436, -76.348183","2,454"
12790,"41.563427, -74.527399","5,454"
14422,"43.087057, -78.059979","2,518"
12137,"42.860367, -74.133040","1,544"
12423,"42.382493, -74.109110","1,041"
13156,"43.325994, -76.661304","2,313"
14012,"43.332173, -78.532622","2,603"
14869,"42.368195, -76.768955","1,435"
11430,"40.650916, -73.788526",229
12058,"42.345129, -73.918376","1,400"
12918,"44.663770, -73.699653","2,781"
14009,"42.593267, -78.397520","5,695"
14435,"42.711869, -77.666023","2,733"
14710,"42.087770, -79.419847","3,961"
12834,"43.088945, -73.500552","6,678"
14718,"42.345814, -79.287617","2,183"
12780,"41.457111, -74.701686","2,117"
12412,"42.002120, -74.229211",927
13811,"42.225336, -76.179839","4,348"
14030,"42.559707, -78.490059","1,617"
12501,"41.853423, -73.557731","2,340"
14415,"42.753296, -77.023266",62
12416,"42.102658, -74.282783",87
13480,"42.917856, -75.363163","3,459"
12117,"43.169293, -74.261094","3,223"
12763,"41.690603, -74.525308",766
12485,"42.204654, -74.116052","1,480"
13606,"43.866400, -76.022787","2,727"
10987,"41.199212, -74.224545","3,148"
12446,"41.790937, -74.314960","4,925"
14040,"42.882168, -78.377535","2,331"
12765,"41.852332, -74.621157",836
12053,"42.757543, -74.190866","4,497"
14550,"42.676483, -78.098453","1,732"
13159,"42.824842, -76.116211","5,277"
12727,"41.660107, -74.982500",23
13667,"44.837240, -74.960450","3,524"
14433,"43.077038, -76.878578","4,679"
13460,"42.686926, -75.458076","4,424"
12434,"42.354338, -74.482882",663
14571,"43.345849, -78.253890","1,119"
13033,"43.188494, -76.562626","4,544"
12816,"43.043657, -73.363490","4,845"
6390,"41.277367, -71.952693",289
14544,"42.756251, -77.243735","1,908"
12860,"43.705345, -73.757999","1,150"
13028,"43.297634, -75.895223","1,380"
14037,"42.808401, -78.450075","1,067"
14510,"42.683839, -77.881897","5,094"
14572,"42.564924, -77.562596","5,282"
14777,"42.400206, -78.280334",620
13409,"42.974873, -75.596977","2,181"
13329,"43.110979, -74.703510","3,976"
13477,"43.035802, -75.516213","1,398"
12546,"41.948000, -73.523357","3,103"
13694,"44.857601, -75.146018","1,360"
13797,"42.333665, -76.040401","2,405"
12154,"42.927812, -73.590652","2,704"
13310,"42.889620, -75.571545",491
14837,"42.490228, -77.016336","5,314"
13673,"44.180844, -75.726040","2,349"
12029,"42.415956, -73.424965","1,387"
13118,"42.755585, -76.387278","6,728"
13101,"42.599501, -76.066293","2,309"
13675,"44.281718, -75.846286",98
14715,"42.076533, -78.144754","3,277"
12734,"41.734585, -74.750460",837
12074,"43.078638, -74.060443","3,195"
13026,"42.756705, -76.651626","1,841"
12762,"41.664364, -74.792204",342
12809,"43.241806, -73.471231","3,667"
12766,"41.815208, -74.978854",456
12885,"43.524438, -73.821873","4,646"
12059,"42.619229, -74.060894","1,843"
13849,"42.364096, -75.315824","5,151"
14477,"43.335707, -78.133393","1,689"
13450,"42.699265, -74.813133",219
13825,"42.455996, -75.191937","3,535"
13339,"42.936896, -74.658660","6,787"
13809,"42.410311, -75.428623","1,372"
12846,"43.345954, -73.789719","3,162"
13452,"43.043056, -74.630470","4,408"
14427,"42.615137, -78.050762","2,181"
12092,"42.703054, -74.389967",861
14841,"42.517515, -76.852181",773
13111,"43.258488, -76.614264","1,748"
13778,"42.359219, -75.759496","6,389"
12787,"41.795396, -74.845023",223
13301,"43.422141, -75.223686",219
12992,"44.826541, -73.532192","4,533"
13642,"44.332561, -75.465315","10,329"
12160,"42.753580, -74.347628","1,177"
13743,"42.217061, -76.332567","3,807"
12770,"41.449597, -74.851422",272
12457,"42.046634, -74.233239","1,123"
13122,"42.838680, -75.844781","1,209"
13787,"42.200328, -75.665581","3,642"
12883,"43.836665, -73.552970","5,160"
12723,"41.775783, -75.018807","2,251"
14098,"43.333873, -78.378758","2,896"
13354,"43.261606, -75.270920","3,090"
13734,"42.069955, -76.409653","2,511"
14847,"42.608582, -76.734212","2,411"
12935,"44.843039, -73.749557","5,494"
14145,"42.729606, -78.434328","1,732"
13865,"42.064423, -75.637752","6,507"
12517,"42.144292, -73.503163",317
14525,"42.869999, -78.011531","2,971"
14821,"42.238903, -77.207758","3,503"
12567,"41.983070, -73.660642","2,938"
14008,"43.309798, -78.629027","1,489"
12028,"42.934442, -73.442269","1,100"
12116,"42.538795, -74.911164","1,807"
14058,"43.109493, -78.160006","2,325"
12741,"41.830767, -75.088311",252
13796,"42.548152, -75.145203","1,190"
12066,"42.795866, -74.317456","1,797"
12062,"42.547941, -73.544568","1,728"
12057,"42.960614, -73.351947","1,713"
14561,"42.819550, -77.130007","2,875"
12031,"42.767245, -74.446885",130
13605,"43.807294, -76.050285","4,615"
12046,"42.509480, -73.923510",934
14560,"42.690701, -77.582961","2,134"
13733,"42.297364, -75.478119","4,874"
13318,"42.920182, -75.261538","1,429"
14840,"42.441073, -77.188573","3,406"
14842,"42.600505, -76.981134",909
14738,"42.045388, -79.056846","3,800"
12719,"41.483758, -74.916637","1,012"
14736,"42.140503, -79.746885",289
12494,"41.967413, -74.294206",714
13753,"42.295421, -74.924118","5,474"
12887,"43.550808, -73.383202","4,710"
14005,"42.917699, -78.241631","1,753"
12581,"41.900541, -73.692273","2,231"
14838,"42.183871, -76.658655","2,105"
14129,"42.481182, -79.017384","1,812"
12461,"41.926103, -74.301048","1,781"
12156,"42.470821, -73.748257",923
14065,"42.488879, -78.315214","2,003"
12865,"43.214159, -73.347451","3,152"
12850,"43.102616, -73.981441","2,242"
12738,"41.654765, -74.560004",320
13326,"42.722500, -74.895381","5,598"
12783,"41.738633, -74.833724","2,169"
13807,"42.629776, -75.028841","1,319"
14055,"42.562879, -78.600126","1,469"
12168,"42.560992, -73.387574","2,083"
12042,"42.425570, -73.920464",812
13730,"42.238949, -75.571439","2,982"
14857,"42.515012, -76.921115",9
14747,"42.158209, -79.084048","2,436"
12072,"42.884893, -74.356741","2,545"
12193,"42.507525, -74.038399","2,117"
14772,"42.157470, -78.952618","4,274"
13750,"42.459563, -74.831929","1,305"
14883,"42.243022, -76.472102","3,866"
12165,"42.308282, -73.499864",236
14881,"42.405998, -76.351681",161
14726,"42.253585, -79.020279","2,144"
14812,"42.286166, -76.974274","3,932"
13402,"42.908511, -75.499306","1,694"
12064,"42.617772, -74.649399",480
14091,"42.537727, -78.882534","1,135"
14879,"42.307683, -77.202498","1,985"
14740,"42.222299, -79.148649","1,138"
14825,"42.055631, -76.605721",918
12429,"41.815633, -73.974822",51
13431,"43.209082, -75.073328","1,840"
13334,"42.838213, -75.654080","1,526"
12149,"42.630367, -74.559012","2,008"
13092,"42.654563, -76.419295","2,498"
14462,"42.686022, -77.757656",632
13780,"42.431337, -75.483014",923
12957,"44.842599, -74.575140","1,798"
13620,"43.908782, -75.448325","2,499"
14782,"42.265414, -79.259701","2,932"
14817,"42.365570, -76.332004","2,282"
14803,"42.233273, -77.795084","1,241"
13146,"43.100853, -76.756859","2,541"
12958,"44.953538, -73.572922","1,737"
14082,"42.655393, -78.377089",428
13491,"42.864135, -75.168133","3,784"
14775,"42.228753, -79.699933","2,736"
14801,"42.104056, -77.292968","5,427"
13333,"42.836735, -74.805803",142
14591,"42.832021, -78.107328","1,570"
14101,"42.386295, -78.536979","1,949"
14167,"42.750032, -78.324679","1,646"
13483,"43.406502, -75.835393",160
12965,"44.694202, -74.687711",489
12176,"42.382017, -73.980862",175
14727,"42.206974, -78.297252","5,366"
13063,"42.847233, -75.967841","2,027"
13468,"42.848254, -74.851925",459
14815,"42.374323, -77.086684",973
13418,"42.847748, -75.389226",325
12052,"42.747432, -73.463447","1,000"
14062,"42.451343, -79.166476","3,351"
14878,"42.447954, -76.941942",747
12944,"44.442367, -73.514751","4,402"
13808,"42.530472, -75.254515","1,894"
14809,"42.422712, -77.441531","2,610"
12837,"43.476445, -73.255601",849
14013,"43.086290, -78.397746","1,822"
13803,"42.470065, -76.072120","4,225"
14054,"42.908684, -78.148894","1,361"
14823,"42.249138, -77.558954","3,985"
12937,"44.954775, -74.471763","1,524"
13332,"42.764187, -75.581764","2,400"
13411,"42.633789, -75.306457","3,332"
12409,"42.084844, -74.156900",464
14507,"42.675374, -77.305556","1,385"
13864,"42.292696, -76.401099","1,085"
13439,"42.853508, -74.998075","3,893"
12136,"42.439484, -73.555326",875
13368,"43.635778, -75.325203","1,162"
14541,"42.763430, -76.844570","2,006"
12916,"44.829345, -74.514650","1,857"
13754,"42.088482, -75.447962","3,437"
12521,"42.171332, -73.650529","1,499"
12946,"44.273458, -73.962583","8,098"
13841,"42.419610, -75.845795",399
12736,"41.835405, -75.031535",152
14860,"42.577999, -76.830889","1,142"
13438,"43.354138, -75.159614","4,364"
14861,"42.099275, -76.681052","1,459"
13141,"42.752495, -76.185697",789
12458,"41.857544, -74.389725","2,243"
14512,"42.645241, -77.399770","4,668"
13786,"42.454631, -74.690493",435
13416,"43.187390, -74.970566","2,228"
12737,"41.486964, -74.798585","1,500"
14818,"42.454933, -76.818927","1,842"
12960,"44.015756, -73.572348","1,019"
14113,"42.656893, -78.345285",775
13337,"42.757804, -74.999545",868
12926,"44.950817, -74.328997","2,083"
13830,"42.442442, -75.645524","5,144"
13459,"42.775005, -74.588674","2,047"
14858,"42.036293, -77.134052","1,783"
12115,"42.477297, -73.576704",242
13071,"42.675103, -76.542586","1,029"
12167,"42.423174, -74.598846","2,499"
14711,"42.321632, -78.131646","1,931"
13471,"43.378027, -75.610579","3,466"
13061,"42.858748, -75.745465",930
12910,"44.860024, -73.659348","2,340"
13863,"42.435399, -75.906242",598
14754,"42.021908, -78.201569",545
12996,"44.355279, -73.448053","2,129"
14171,"42.424674, -78.649832","2,180"
13309,"43.476533, -75.343325","5,942"
13608,"44.254686, -75.615340","1,618"
14066,"42.615091, -78.186176","1,514"
14813,"42.246862, -77.967713","2,538"
12153,"42.640875, -73.460977",902
14728,"42.263333, -79.423176","1,071"
12726,"41.699480, -74.988521","1,185"
14805,"42.351406, -76.720073","1,207"
14755,"42.233756, -78.804596","2,987"
12122,"42.545070, -74.308047","4,348"
14807,"42.410670, -77.721044","3,120"
12920,"44.911936, -74.067219","2,537"
13661,"43.720822, -76.097899","2,048"
12529,"42.198740, -73.542728","2,457"
13144,"43.568747, -75.977023","1,576"
13335,"42.705575, -75.247960","1,557"
14748,"42.173821, -78.606386",660
14737,"42.329050, -78.428611","4,275"
12496,"42.319697, -74.241265","1,097"
13081,"42.673617, -76.627152","1,189"
14767,"42.040452, -79.514296","1,910"
13316,"43.418917, -75.739740","6,664"
14743,"42.201818, -78.407487","2,034"
13314,"42.825882, -75.324121",939
14138,"42.367234, -79.047120","2,144"
13843,"42.566573, -75.389210","1,720"
13622,"44.086743, -76.100111","2,082"
12138,"42.748844, -73.370413","3,678"
14719,"42.341958, -78.875953","3,561"
12784,"41.667446, -74.611602",59
12087,"42.432250, -73.892894",504
13348,"42.707256, -75.057189","1,359"
14739,"42.197690, -78.155910","2,968"
12817,"43.639819, -73.818906","2,187"
13776,"42.471141, -75.341246",797
12120,"42.465966, -74.136281",539
13660,"44.773868, -75.160958","2,014"
13736,"42.323579, -76.192978","2,342"
12060,"42.410399, -73.505286","1,396"
14731,"42.307754, -78.643656","1,773"
14826,"42.491464, -77.497778","2,254"
13842,"42.381200, -74.724657",538
13839,"42.240354, -75.259059","1,666"
14889,"42.234171, -76.578897","1,458"
14897,"42.043602, -77.794465",890
14418,"42.604430, -77.216428","1,481"
12023,"42.598558, -74.183022","2,121"
13691,"44.227220, -75.773875","2,729"
12459,"42.234184, -74.693522",354
12442,"42.237891, -74.270911",608
13775,"42.332984, -75.159583","1,735"
10020,"40.758236, -73.978833",1
13680,"44.595988, -75.323398","1,303"
13835,"42.393463, -76.155520","1,545"
12422,"42.391829, -74.213288",291
13654,"44.571770, -75.488083","2,329"
14536,"42.541588, -78.082446",664
13052,"42.745091, -75.863841","1,631"
12732,"41.568057, -74.886620",900
12983,"44.218046, -74.206563","7,148"
14806,"42.156645, -77.792643","2,302"
12823,"43.179961, -73.409117",190
14784,"42.319116, -79.389155","1,012"
13303,"43.367414, -75.468212","1,190"
13856,"42.181947, -75.161730","6,568"
12187,"42.618840, -74.463554",684
12824,"43.514318, -73.696762",735
12959,"44.952351, -73.719912","1,467"
12448,"42.089536, -74.200347",218
12418,"42.355986, -74.156318",612
12197,"42.609999, -74.724749","2,397"
12022,"42.670232, -73.327389",813
14880,"42.172558, -77.974607","1,644"
14873,"42.515864, -77.304978","2,422"
12473,"42.277061, -74.078875",736
14709,"42.356494, -77.982064","1,510"
12435,"41.730835, -74.513284",261
13697,"44.754714, -74.810347","2,165"
14824,"42.265778, -76.693080",869
13625,"44.542508, -74.910389","1,882"
12941,"44.349395, -73.727808","1,429"
14741,"42.219966, -78.611624","2,076"
13804,"42.220452, -75.359973",389
13147,"42.775406, -76.569608","1,204"
14735,"42.452690, -78.096169","2,643"
14724,"42.046328, -79.669830","2,577"
12966,"44.798893, -74.418686","2,836"
13614,"44.532249, -75.693434",289
13810,"42.606817, -75.108363","1,296"
13844,"42.605698, -75.689550","1,034"
13302,"43.498110, -75.965068","1,556"
13464,"42.687973, -75.615788","1,341"
12175,"42.563979, -74.556746",950
12786,"41.638630, -74.857203",665
12814,"43.624528, -73.636205","1,552"
13343,"43.742548, -75.326461","1,752"
14855,"42.145700, -77.497396",841
12724,"41.858901, -74.943035",296
12166,"42.844633, -74.460179","1,501"
12873,"43.117451, -73.311646",808
12914,"44.930433, -74.602930","1,163"
14723,"42.317704, -79.157231","1,262"
12147,"42.518611, -74.158840",528
12502,"42.083350, -73.656655","1,114"
14836,"42.509496, -77.923667","1,103"
13656,"44.192235, -75.955486","2,655"
12827,"43.440555, -73.506595","3,815"
13486,"43.347530, -75.356372",832
12917,"44.939317, -74.174695","1,312"
13613,"44.843198, -74.749024","2,450"
13433,"43.589518, -75.242417","1,732"
12468,"42.299024, -74.400728","1,349"
12740,"41.879181, -74.495101","2,088"
14859,"42.141589, -76.547214","1,137"
13493,"43.432843, -75.897509","2,199"
14753,"42.040451, -78.638622","1,212"
13788,"42.338730, -74.666876",912
13846,"42.363723, -75.054746",342
12503,"42.030487, -73.574202",830
13083,"43.650543, -75.982795","1,759"
12036,"42.541514, -74.673053",265
12768,"41.876259, -74.715135","1,030"
13658,"44.743083, -75.279399","2,356"
12454,"42.293523, -74.153428",552
13690,"44.192709, -74.948741","1,139"
14781,"42.161603, -79.601288","2,149"
13757,"42.405103, -74.924223","1,107"
12155,"42.584407, -74.837289","1,742"
12764,"41.591553, -74.995556","1,717"
12928,"43.963848, -73.583301","2,122"
12444,"42.266119, -74.278650",451
14714,"42.289988, -78.241131",345
13136,"42.594572, -75.848430",621
12952,"44.721405, -73.908926",583
13832,"42.668918, -75.686965",675
13682,"43.847665, -75.882700",891
14822,"42.424481, -77.851457","1,130"
14729,"42.408377, -78.743584","1,025"
13355,"42.810450, -75.421645",692
13158,"42.717351, -75.973408","2,036"
12474,"42.323807, -74.583034","1,011"
13630,"44.498619, -75.311532","1,402"
14060,"42.450155, -78.296467",441
13485,"42.757288, -75.333120",945
13040,"42.576696, -75.937895","2,831"
12758,"41.940283, -74.739118","4,339"
13072,"42.761342, -75.751696","1,043"
12455,"42.107292, -74.661592","2,082"
13774,"41.953908, -75.193403",286
12911,"44.535049, -73.468852",35
13315,"42.739121, -75.136119","1,397"
12430,"42.200758, -74.499160","1,129"
13650,"43.819731, -76.217537","1,319"
12986,"44.210474, -74.506616","6,507"
13361,"42.904352, -74.867560",724
14024,"42.567837, -78.234911","1,741"
12967,"44.772993, -74.662821","1,099"
14804,"42.314417, -77.851435","1,522"
13124,"42.661074, -75.823604",135
13342,"42.648851, -75.178643",232
12495,"42.086489, -74.248476",189
12993,"44.193847, -73.489177","1,704"
13813,"42.156382, -75.529955",916
14820,"42.195141, -77.370314",804
14898,"42.053364, -77.429500","1,497"
14783,"42.092205, -78.888593",412
13155,"42.674546, -75.776726",677
13626,"43.844972, -75.739558","2,169"
13320,"42.777805, -74.740798","2,171"
13755,"42.079360, -75.011893","1,126"
14717,"42.361647, -78.179701",779
13679,"44.291541, -75.845822","1,727"
12169,"42.592887, -73.448036",166
12981,"44.627097, -73.845850","2,673"
12406,"42.079963, -74.524062",892
13652,"44.435240, -75.223166","1,931"
12093,"42.497796, -74.628095","1,404"
13621,"44.834567, -75.059261",699
13783,"41.993562, -75.290452","2,497"
13473,"43.646998, -75.441240",759
13640,"44.326315, -75.991361",326
14846,"42.534005, -78.012151",766
12835,"43.311938, -74.012886","2,882"
13739,"42.394254, -74.805810",966
12464,"42.033404, -74.369416","1,173"
13635,"44.286726, -75.280789","1,081"
13681,"44.428046, -75.373133",820
12450,"42.170691, -74.229327",430
12407,"42.323508, -74.333035",469
13618,"44.114766, -76.290981","1,796"
12071,"42.575009, -74.413271",279
13801,"42.505085, -75.776970","1,333"
12912,"44.480950, -73.772496","2,138"
13693,"43.985747, -76.246105",470
13665,"44.048460, -75.434366",827
12421,"42.303606, -74.526124",777
12815,"43.695952, -73.667874",955
12945,"44.342824, -74.251344",736
13489,"43.466569, -75.522386",763
13367,"43.715161, -75.571028","8,435"
12913,"44.437184, -74.009083","1,194"
13782,"42.169631, -74.991294",777
12861,"43.746887, -73.417527",645
13646,"44.446084, -75.674193","2,239"
12469,"42.448595, -74.246097",783
13327,"43.972929, -75.262309","2,148"
14819,"42.224194, -77.441939",755
12076,"42.399716, -74.390523","1,270"
12930,"44.724058, -74.532775",571
14885,"42.046290, -77.567857",780
12932,"44.195277, -73.609298","1,406"
12853,"43.657984, -74.064603","2,082"
12743,"41.577183, -74.836643",303
13756,"42.020509, -75.104278",518
12032,"43.162692, -74.508020",835
12886,"43.648782, -73.909241",84
12017,"42.307012, -73.445561",288
12776,"41.963392, -74.958769","2,473"
14839,"42.147524, -77.627811",728
13324,"43.317924, -74.958912","1,989"
12836,"43.747839, -73.545582",678
14708,"42.019219, -78.063617",171
12194,"42.539253, -74.457529",215
13752,"42.190557, -74.897015",715
12492,"42.216366, -74.355275",281
12970,"44.452573, -74.290050","1,450"
13740,"42.273814, -74.756993",568
12808,"43.760148, -73.715618",285
12410,"42.088220, -74.449697",820
13633,"44.497430, -75.455993",319
12985,"44.564739, -73.715975","1,187"
12843,"43.565104, -73.972748",665
12934,"44.857914, -73.855586","1,126"
12936,"44.264295, -73.400978",479
12870,"43.844949, -73.755934","1,677"
12720,"41.663925, -74.918974",168
12950,"44.318369, -73.581246",749
12424,"42.244523, -74.150286",303
12480,"42.159477, -74.363284",787
12777,"41.561802, -74.709618",781
13648,"44.136851, -75.285638","2,427"
14884,"42.479522, -77.893852",309
12955,"44.798708, -73.951395",401
12810,"43.491968, -73.985941",643
13731,"42.128419, -74.787370","1,275"
14877,"42.059452, -77.684497",651
13639,"44.278730, -75.119383",191
12164,"43.587980, -74.358726",476
12760,"41.903930, -75.107835",729
13420,"43.649537, -74.987135","1,587"
12131,"42.491723, -74.471816",217
12987,"44.327908, -73.846253",326
12923,"44.944581, -73.945816",657
13687,"44.467586, -74.798924",333
13312,"43.696622, -75.194994",689
13470,"43.209651, -74.610052",705
12942,"44.232234, -73.826953",670
12961,"44.061814, -73.581572",171
13475,"42.866228, -74.853412",7
13325,"43.597050, -75.528148",949
13659,"43.738005, -75.863380",544
13454,"43.219835, -74.757700",712
12878,"43.415025, -74.027450",714
12819,"43.591932, -73.520776",364
12874,"43.690560, -73.549746",176
13360,"43.737593, -74.741983",412
12989,"44.520107, -74.069770",853
12427,"42.134193, -74.136697",381
12857,"43.832667, -73.971509",502
12980,"44.560173, -74.589754","1,347"
12842,"43.738345, -74.367058","1,345"
13684,"44.356596, -75.013141",982
13338,"43.510379, -74.982347","1,619"
13437,"43.580307, -75.803859",497
12964,"44.148266, -73.663999",142
12927,"44.256298, -74.868945",258
12108,"43.519619, -74.409206",419
12969,"44.760907, -74.131480",554
12851,"43.846674, -74.059957",366
13670,"44.128070, -75.067813",613
12190,"43.475631, -74.285410",737
12725,"41.983131, -74.569700",260
13436,"43.723006, -74.642094",123
13331,"43.866325, -74.880855",293
12856,"43.710422, -74.166016",224
12943,"44.122759, -73.883514",391
12858,"43.908933, -73.675780",48
13672,"44.403781, -74.645192",367
12852,"44.007172, -74.099920",481
12812,"43.875794, -74.389767",126
12847,"44.000125, -74.563880",723
12139,"43.500184, -74.579588",272
12855,"44.027010, -73.758053",263
13353,"43.447326, -74.694618",151
12922,"44.258049, -74.781866",58
